{
    "best_auc": 0.9178203651716572,
    "parameters": {
        "n_estimators": 214,
        "max_depth": 10,
        "learning_rate": 0.0951372651784632,
        "subsample": 0.9897601820352504,
        "colsample_bytree": 0.8067620928517473,
        "gamma": 1.777886466314559,
        "reg_alpha": 1.4235727134286251,
        "reg_lambda": 0.3636334623877993,
        "min_child_weight": 1
    },
    "features": [
        "day_of_week",
        "week",
        "standard_id",
        "month_of_year",
        "active_lag1",
        "stockout_lag7",
        "is_holiday"
    ]
}